<?xml version="1.0" encoding="UTF-8"?>
<mapred>
    <!-- profile -->
    <baseId>d5512016c544ed9563f975de7bc4637d</baseId>
    <projectId>2512</projectId>
    <resourceName>mapreduce</resourceName>
    <idePath>工作流/jeyki_mapreduce</idePath>

    <!-- classes -->
    <jobLauncher>my.group.mapreduce.JobLauncher</jobLauncher>
    <mapper>my.group.mapreduce.MyMapper</mapper>
    <reducer>my.group.mapreduce.MyReducer</reducer>
    <combiner></combiner>

    <!--task-->
    <mapOutputKey>user_id:string,item_id:string</mapOutputKey>
    <mapOutputValue>ui_l1_buy:bigint,ui_l3_clk:bigint,ui_l5_act:bigint</mapOutputValue>
    <!--
    <partitionColumns>col1,col2</partitionColumns>
    <outputKeySortColumns>col1,col2</outputKeySortColumns>
    <outputKeySortOrders>ASC,DESC</outputKeySortOrders>
    <outputGroupingColumns>col1,col2</outputGroupingColumns>
    <numReduceTask>8</numReduceTask>
    <memoryForMapTask>2048</memoryForMapTask>
    <memoryForReduceTask>2048</memoryForReduceTask>
    -->

    <!-- tables -->
    <inputTables>
        <table>
            <name>tianchi_p_ten_11_30</name>
            <partitions></partitions>
        </table>
    </inputTables>
    <outputTable>
        <name>train_ui_test</name>
        <partition></partition>
    </outputTable>
</mapred>
